Team,Conference,Final_Score,Experience,Off_TO_Pct,Def_TO_Pct,Turnover_Margin,KenPom_Rank,AdjEM,AdjOE,AdjDE,AdjOE_Rank,AdjDE_Rank,defensive_rating_score,offensive_rating_score,recent_performance_score,experience_score,turnover_margin_score,Final_Rank,Rank_Change
Auburn,SEC,99.36923076923077,2.81,13.6,17.4,3.799999999999999,4,35.10000000000001,127.2,92.1,3,9,100.0,100.0,98,100,95.38461538461539,1,3
Houston,B12,99.21098901098901,2.67,14.2,20.9,6.699999999999999,2,36.60000000000001,123.4,86.8,12,1,100.0,98.7032967032967,98,100,100.0,2,0
Tennessee,SEC,97.39780219780219,2.94,16.1,17.7,1.5999999999999979,5,31.0,120.7,89.7,17,3,100.0,97.32967032967034,98,100,71.97802197802197,3,2
Florida,SEC,96.24560439560439,2.44,15.7,16.6,0.9000000000000021,3,36.39999999999999,128.2,91.8,2,6,100.0,100.0,98,90,62.91208791208791,4,-1
Duke,ACC,96.19065934065934,1.96,14.0,17.1,3.1000000000000014,1,39.3,130.1,90.8,1,5,100.0,100.0,98,80,91.81318681318682,5,-4
Gonzaga,WCC,95.97912087912087,2.99,13.4,18.0,4.6,8,28.0,124.7,96.7,6,29,91.48351648351648,100.0,93,100,98.68131868131869,6,2
Maryland,B10,95.72197802197803,2.16,14.3,20.1,5.800000000000001,10,27.0,118.9,91.9,23,7,100.0,95.4065934065934,93,90,100.0,7,3
Iowa St.,B12,94.67802197802199,2.8,17.0,21.6,4.600000000000001,12,26.599999999999994,119.8,93.2,19,13,98.42857142857143,96.5054945054945,85,95,98.95604395604396,8,4
Texas Tech,B12,94.63021978021979,2.63,14.2,17.1,2.900000000000002,9,27.90000000000001,125.4,97.5,5,39,89.28571428571429,100.0,93,100,84.89010989010988,9,0
Mississippi,SEC,93.74120879120879,3.48,12.9,20.2,7.299999999999999,22,23.3,119.1,95.8,22,23,95.68131868131869,95.95604395604396,85,95,100.0,10,12
Clemson,ACC,92.86923076923077,3.03,15.8,20.0,4.199999999999999,23,23.200000000000003,118.2,95.0,28,17,97.32967032967034,91.75824175824175,85,95,97.85714285714286,11,12
Wisconsin,B10,92.27142857142857,2.61,14.0,14.5,0.5,11,26.60000000000001,122.9,96.3,13,24,95.13186813186813,98.42857142857143,85,95,59.065934065934066,12,-1
Alabama,SEC,91.56153846153848,2.99,16.6,13.5,-3.1000000000000014,6,30.3,126.8,96.5,4,28,92.3076923076923,100.0,93,100,5.384615384615385,13,-7
Michigan St.,B10,91.33736263736265,1.61,16.4,15.9,-0.4999999999999982,7,28.39999999999999,118.8,90.4,25,4,100.0,95.13186813186813,93,80,43.956043956043956,14,-7
Texas A&M,SEC,91.30494505494505,2.97,17.8,19.4,1.5999999999999979,19,23.599999999999994,116.5,92.9,42,10,100.0,88.18681318681318,85,95,71.97802197802197,15,4
Missouri,SEC,90.51098901098902,2.68,15.5,20.1,4.600000000000001,18,23.60000000000001,124.4,100.8,8,68,81.04395604395604,100.0,85,95,98.95604395604396,16,2
Arizona,B12,90.50384615384615,2.72,16.0,16.2,0.1999999999999993,13,26.40000000000001,123.7,97.3,11,38,89.56043956043956,98.97802197802197,85,95,53.84615384615385,17,-4
UCLA,B10,90.3967032967033,2.23,15.9,22.8,6.9,20,23.5,117.3,93.8,37,14,98.15384615384616,89.83516483516483,85,80,100.0,18,2
Kentucky,SEC,88.65384615384616,3.06,15.1,14.2,-0.9000000000000004,16,24.5,123.7,99.2,10,51,85.43956043956044,100.0,85,95,35.43956043956044,19,-3
Louisville,ACC,88.50934065934065,3.18,16.3,18.5,2.1999999999999993,27,21.8,118.1,96.3,31,25,95.13186813186813,91.48351648351648,75,90,80.4945054945055,20,7
St. John's,BE,88.3956043956044,2.34,15.3,21.4,6.099999999999998,14,26.0,114.0,88.0,68,2,100.0,81.31868131868131,85,80,100.0,21,-7
Kansas,B12,88.22362637362637,3.64,16.9,15.6,-1.299999999999999,24,22.90000000000001,115.9,93.0,52,11,98.97802197802197,85.71428571428571,85,95,31.318681318681318,22,2
Oregon,B10,87.8087912087912,2.68,16.2,17.5,1.3000000000000007,27,21.8,117.6,95.8,34,21,95.68131868131869,90.65934065934066,75,90,68.13186813186813,23,4
Purdue,B10,86.96428571428571,1.74,15.7,17.5,1.8000000000000007,15,25.39999999999999,124.6,99.2,7,53,85.43956043956044,100.0,85,70,76.64835164835165,24,-9
Baylor,B12,86.7510989010989,2.74,15.9,18.6,2.700000000000001,30,20.89999999999999,121.3,100.4,16,62,82.6923076923077,97.6043956043956,75,90,83.24175824175825,25,5
VCU,A10,86.74450549450549,2.66,16.8,20.5,3.6999999999999993,34,19.5,116.0,96.5,51,27,92.3076923076923,85.98901098901099,75,90,95.10989010989012,26,8
Saint Mary's,WCC,85.7967032967033,1.7,14.9,16.3,1.4000000000000004,25,22.700000000000003,114.7,92.0,63,8,100.0,82.6923076923077,85,70,69.78021978021978,27,-2
Marquette,BE,85.47252747252747,2.08,13.6,21.4,7.799999999999999,29,21.0,117.4,96.4,35,26,92.85714285714286,90.38461538461539,75,70,100.0,28,1
Michigan,B10,85.06703296703296,2.27,19.6,15.8,-3.8000000000000007,21,23.40000000000001,116.5,93.1,43,12,98.7032967032967,88.18681318681318,85,80,0.0,29,-8
Mississippi St.,SEC,85.0587912087912,2.28,15.3,18.9,3.599999999999998,33,20.10000000000001,118.9,98.8,24,46,87.36263736263736,95.4065934065934,75,70,94.56043956043956,30,3
Xavier,BE,84.4478021978022,3.54,15.6,17.6,2.0000000000000018,43,17.200000000000003,116.2,99.0,47,48,86.81318681318682,86.53846153846155,75,90,78.84615384615384,31,12
Texas,SEC,84.15934065934066,2.85,14.4,16.4,1.9999999999999982,47,16.89999999999999,117.3,100.4,36,61,82.6923076923077,89.83516483516483,75,90,78.02197802197803,32,15
Illinois,B10,83.76758241758242,1.08,16.0,12.4,-3.5999999999999996,17,24.30000000000001,121.9,97.6,14,40,89.01098901098901,98.15384615384616,85,70,2.362637362637363,33,-16
Nebraska,B10,83.43131868131869,2.75,16.2,17.6,1.4000000000000021,44,17.0,114.7,97.7,62,41,88.73626373626374,82.6923076923077,75,90,70.05494505494505,34,10
North Carolina,ACC,83.24285714285713,2.26,15.1,15.3,0.20000000000000107,31,20.3,119.2,98.9,21,47,87.08791208791209,96.23076923076923,75,70,54.94505494505495,35,-4
New Mexico,MWC,83.21813186813186,2.49,15.7,20.3,4.600000000000001,41,17.80000000000001,112.9,95.1,74,19,96.5054945054945,79.3956043956044,75,70,98.95604395604396,36,5
Ohio St.,B10,82.28571428571428,2.16,15.6,16.8,1.200000000000001,37,19.10000000000001,118.2,99.1,30,50,86.26373626373626,91.75824175824175,75,70,67.58241758241759,37,0
Creighton,BE,82.15384615384615,2.66,17.9,11.6,-6.299999999999999,34,19.5,117.8,98.3,33,44,87.91208791208791,90.93406593406593,75,90,0.0,38,-4
Northwestern,B10,82.01098901098901,2.23,14.9,19.8,4.9,44,17.0,114.3,97.3,65,37,89.56043956043956,82.14285714285714,75,70,100.0,39,5
SMU,ACC,81.85164835164836,2.78,17.2,17.9,0.6999999999999993,50,15.400000000000006,116.2,100.8,48,67,81.04395604395604,86.53846153846155,75,90,61.53846153846154,40,10
Vanderbilt,SEC,81.26923076923077,2.38,14.5,19.8,5.300000000000001,48,16.200000000000003,117.8,101.6,32,79,78.2967032967033,90.93406593406593,75,70,100.0,41,7
Oklahoma,SEC,81.21428571428571,2.28,17.3,18.2,0.8999999999999986,40,17.900000000000006,118.2,100.3,29,60,83.51648351648352,91.75824175824175,75,70,62.637362637362635,42,-2
Arkansas,SEC,80.22362637362637,1.59,16.2,17.3,1.1000000000000014,36,19.30000000000001,114.4,95.1,64,18,96.5054945054945,82.41758241758241,75,55,65.93406593406593,43,-7
Colorado St.,MWC,79.95054945054945,2.39,17.2,16.7,-0.5,42,17.599999999999994,116.8,99.2,40,52,85.43956043956044,89.01098901098901,75,70,42.30769230769231,44,-2
Indiana,B10,79.41483516483517,2.28,16.7,16.4,-0.3000000000000007,44,17.0,114.2,97.2,66,35,90.10989010989012,81.86813186813187,75,70,46.42857142857143,45,-1
Boise St.,MWC,79.11263736263737,2.12,16.4,16.4,0.0,49,16.0,116.9,100.9,39,70,80.76923076923077,89.28571428571429,75,70,51.92307692307693,46,3
BYU,B12,78.60714285714286,1.93,17.4,16.9,-0.5,26,22.3,124.1,101.8,9,82,77.47252747252747,100.0,75,55,42.30769230769231,47,-21
UC San Diego,BW,78.41758241758242,1.12,13.4,23.3,9.9,39,18.3,115.0,96.7,61,30,91.48351648351648,83.24175824175825,75,40,100.0,48,-9
Memphis,Amer,78.31868131868133,3.11,19.3,18.9,-0.40000000000000213,52,15.100000000000009,113.4,98.3,73,43,87.91208791208791,79.94505494505495,65,85,44.230769230769226,49,3
McNeese,Slnd,78.28021978021978,2.77,16.2,21.7,5.5,59,14.299999999999995,114.1,99.8,67,57,84.34065934065934,81.5934065934066,65,70,100.0,50,9
Connecticut,BE,77.87472527472526,1.76,17.0,15.7,-1.3000000000000007,32,20.19999999999999,121.6,101.4,15,75,79.12087912087912,97.87912087912088,75,55,30.494505494505496,51,-19
Georgia,SEC,77.70054945054946,1.86,18.9,18.0,-0.8999999999999986,38,18.5,115.3,96.8,57,32,91.20879120879121,84.34065934065934,75,55,35.714285714285715,52,-14
Pittsburgh,ACC,76.26373626373625,2.68,14.8,18.3,3.5,63,13.5,115.7,102.2,53,90,75.27472527472527,84.89010989010988,65,70,94.28571428571429,53,10
Cincinnati,B12,75.56703296703296,2.18,15.5,19.6,4.100000000000001,55,14.799999999999995,110.6,95.8,100,22,95.68131868131869,71.7032967032967,65,50,97.03296703296702,54,1
USC,B10,75.29945054945054,2.53,17.7,17.7,0.0,58,14.399999999999991,116.6,102.2,41,88,75.27472527472527,88.73626373626374,65,70,51.92307692307693,55,3
Villanova,BE,75.24450549450549,2.9,15.3,15.8,0.5,55,14.799999999999995,118.6,103.8,26,108,69.78021978021978,92.85714285714286,65,70,59.065934065934066,56,-1
North Texas,Amer,74.39285714285714,2.86,16.7,19.6,2.900000000000002,71,11.299999999999995,109.7,98.4,114,45,87.63736263736264,67.85714285714286,65,70,84.89010989010988,57,14
Penn St.,B10,74.03021978021978,2.49,17.4,19.8,2.400000000000002,57,14.400000000000006,115.2,100.8,58,69,81.04395604395604,83.79120879120879,65,50,81.5934065934066,58,-1
West Virginia,B12,73.36923076923077,2.14,16.2,19.4,3.1999999999999993,54,15.099999999999994,109.0,93.9,134,15,97.87912087912088,62.91208791208791,65,50,92.63736263736264,59,-5
Kansas St.,B12,73.0467032967033,2.57,17.7,18.1,0.40000000000000213,65,12.200000000000005,109.4,97.2,125,36,90.10989010989012,65.38461538461539,65,70,57.96703296703297,60,5
Santa Clara,WCC,72.25824175824175,2.12,16.7,16.6,-0.09999999999999787,59,14.299999999999995,116.3,102.0,45,85,76.64835164835165,87.36263736263736,65,50,51.098901098901095,61,-2
Nevada,MWC,71.87362637362638,2.92,15.5,18.7,3.1999999999999993,78,9.799999999999995,112.8,103.0,77,96,73.62637362637363,78.84615384615384,55,70,92.63736263736264,62,16
Utah St.,MWC,71.85824175824175,2.16,16.0,20.1,4.100000000000001,61,14.0,119.8,105.8,20,150,58.51648351648352,96.5054945054945,65,50,97.03296703296702,63,-2
Minnesota,B10,71.15384615384615,3.19,16.6,16.3,-0.3000000000000007,85,9.099999999999994,110.6,101.5,101,77,78.57142857142857,71.7032967032967,55,85,46.42857142857143,64,21
Drake,MVC,71.0576923076923,0.32,18.4,21.8,3.400000000000002,52,15.100000000000009,112.9,97.8,75,42,88.46153846153845,79.3956043956044,65,20,94.01098901098901,65,-13
UCF,B12,70.25274725274726,2.19,16.5,17.7,1.1999999999999993,67,11.900000000000006,116.0,104.1,50,113,68.68131868131869,85.98901098901099,65,50,67.03296703296702,66,1
San Diego St.,MWC,70.08901098901099,1.53,16.8,19.5,2.6999999999999993,51,15.200000000000005,109.8,94.6,113,16,97.6043956043956,68.95604395604396,65,20,82.41758241758241,67,-16
Wake Forest,ACC,70.03296703296704,2.14,16.7,19.7,3.0,72,11.200000000000005,108.3,97.1,145,34,90.65934065934066,60.16483516483516,65,50,85.71428571428571,68,4
Lipscomb,ASun,69.12362637362638,2.68,14.8,15.9,1.0999999999999996,89,8.5,112.0,103.5,88,101,71.97802197802197,75.82417582417582,55,70,65.65934065934066,69,20
Arizona St.,B12,68.78296703296704,2.05,17.6,16.1,-1.5,73,11.0,112.4,101.4,83,74,79.12087912087912,76.92307692307693,65,50,29.395604395604398,70,3
Dayton,A10,68.72527472527473,2.94,15.5,17.6,2.1000000000000014,77,10.0,115.7,105.7,54,148,59.34065934065934,84.89010989010988,55,70,79.12087912087912,71,6
Utah,B12,67.76648351648352,2.03,17.8,15.6,-2.200000000000001,75,10.5,112.5,102.0,82,84,76.64835164835165,77.47252747252747,65,50,20.604395604395602,72,3
Liberty,CUSA,67.68956043956044,1.89,15.4,17.0,1.5999999999999996,64,12.399999999999991,111.8,99.4,90,54,85.16483516483517,75.0,65,20,72.8021978021978,73,-9
Arkansas St.,SB,67.30494505494505,2.07,14.7,17.0,2.3000000000000007,83,9.100000000000009,111.4,102.3,93,91,74.72527472527473,74.45054945054946,55,50,81.04395604395604,74,9
San Francisco,WCC,67.26373626373626,1.75,16.7,17.8,1.1000000000000014,66,12.099999999999994,111.8,99.7,91,55,84.89010989010988,75.0,65,20,65.93406593406593,75,-9
Oklahoma St.,B12,66.6923076923077,2.84,19.0,20.3,1.3000000000000007,96,6.900000000000006,108.0,101.1,148,72,80.21978021978022,59.065934065934066,55,70,68.13186813186813,76,20
Butler,BE,66.43956043956044,2.83,16.2,11.4,-4.799999999999999,75,10.5,117.2,106.7,38,169,53.57142857142857,89.56043956043956,65,70,0.0,77,-2
Iowa,B10,66.24560439560439,1.8,13.7,17.9,4.199999999999999,62,13.599999999999994,120.1,106.5,18,167,54.12087912087912,97.05494505494505,65,20,97.85714285714286,78,-16
Saint Joseph's,A10,65.8489010989011,2.22,16.4,16.2,-0.1999999999999993,83,9.100000000000009,109.7,100.6,116,66,81.86813186813187,67.85714285714286,55,50,48.62637362637363,79,4
Rutgers,B10,65.64285714285714,1.57,15.4,17.4,1.9999999999999982,69,11.5,115.7,104.2,55,116,67.58241758241759,84.89010989010988,65,20,78.02197802197803,80,-11
Yale,Ivy,65.06593406593407,1.72,14.5,16.1,1.6000000000000014,73,11.0,115.2,104.2,59,115,67.58241758241759,83.79120879120879,65,20,73.07692307692307,81,-8
George Mason,A10,64.87912087912088,2.84,19.8,19.2,-0.6000000000000014,79,9.5,106.2,96.7,194,31,91.48351648351648,46.42857142857143,55,70,40.10989010989011,82,-3
South Carolina,SEC,64.25549450549451,1.89,18.4,15.6,-2.799999999999999,69,11.5,110.6,99.1,102,49,86.26373626373626,71.7032967032967,65,20,17.307692307692307,83,-14
UNLV,MWC,64.1868131868132,2.12,16.2,17.8,1.6000000000000014,93,7.200000000000003,107.5,100.3,158,59,83.51648351648352,56.59340659340659,55,50,73.07692307692307,84,9
LSU,SEC,63.513736263736256,2.1,18.6,16.5,-2.1000000000000014,88,8.700000000000003,109.2,100.5,131,64,82.41758241758241,64.01098901098901,55,50,21.703296703296704,85,3
Grand Canyon,WAC,62.99175824175824,2.62,18.5,20.4,1.8999999999999986,101,6.300000000000011,107.4,101.1,163,71,80.21978021978022,55.219780219780226,40,70,77.1978021978022,86,15
Stanford,ACC,62.88736263736263,1.4,15.6,17.4,1.799999999999999,81,9.299999999999995,112.5,103.2,81,99,72.8021978021978,77.47252747252747,55,20,76.0989010989011,87,-6
UC Irvine,BW,62.25934065934065,1.76,18.0,17.2,-0.8000000000000007,68,11.800000000000011,106.9,95.1,177,20,96.5054945054945,51.373626373626365,65,20,37.91208791208791,88,-20
Notre Dame,ACC,62.07142857142857,2.05,16.5,14.9,-1.5999999999999996,97,6.899999999999992,111.3,104.4,95,121,66.75824175824175,73.9010989010989,55,50,27.472527472527474,89,8
Georgetown,BE,61.651098901098905,1.72,17.0,19.3,2.3000000000000007,89,8.5,108.7,100.2,139,58,84.06593406593407,61.26373626373627,55,20,81.04395604395604,90,-1
Washington,B10,61.521978021978015,2.5,17.5,16.7,-0.8000000000000007,104,5.799999999999997,109.6,103.8,118,110,69.78021978021978,67.3076923076923,40,70,37.91208791208791,91,13
High Point,BSth,60.89010989010989,2.38,15.3,16.4,1.0999999999999979,82,9.200000000000005,118.4,109.2,27,226,37.91208791208791,92.58241758241759,55,50,64.83516483516483,92,-10
Florida St.,ACC,60.840659340659336,1.34,17.5,19.1,1.6000000000000014,91,8.200000000000003,108.8,100.6,138,65,81.86813186813187,62.08791208791209,55,20,73.07692307692307,93,-2
UNC Wilmington,CAA,60.06593406593406,2.64,16.1,17.2,1.0999999999999979,105,5.299999999999997,112.2,106.9,85,177,51.373626373626365,76.37362637362637,40,70,64.83516483516483,94,11
Bradley,MVC,59.05494505494505,1.97,17.4,15.7,-1.6999999999999993,92,7.900000000000006,111.5,103.6,92,103,71.15384615384616,74.72527472527473,55,20,25.82417582417583,95,-3
N.C. State,ACC,58.662087912087905,2.46,14.4,18.6,4.200000000000001,124,3.6999999999999886,107.6,103.9,153,111,69.5054945054945,57.96703296703297,40,50,98.4065934065934,96,28
Middle Tennessee,CUSA,58.58241758241758,2.51,16.6,16.0,-0.6000000000000014,118,4.0,109.2,105.2,129,135,62.91208791208791,64.01098901098901,40,70,40.10989010989011,97,21
TCU,B12,58.574175824175825,1.92,17.3,19.5,2.1999999999999993,86,8.799999999999997,105.8,97.0,203,33,90.93406593406593,44.230769230769226,55,20,80.4945054945055,98,-12
Oregon St.,WCC,58.10714285714286,1.44,16.7,16.4,-0.3000000000000007,80,9.400000000000006,116.2,106.8,49,170,52.74725274725275,86.53846153846155,55,20,46.42857142857143,99,-19
Loyola Chicago,A10,58.05494505494505,2.48,17.2,17.3,0.10000000000000142,107,5.0,108.1,103.1,147,97,73.35164835164835,59.61538461538461,40,50,53.2967032967033,100,7
Troy,SB,57.80494505494505,1.09,19.8,19.6,-0.1999999999999993,95,7.0,107.4,100.4,162,63,82.6923076923077,55.219780219780226,55,20,48.62637362637363,101,-6
Colorado,B12,57.598901098901095,1.31,21.0,16.2,-4.800000000000001,86,8.799999999999997,108.6,99.8,142,56,84.34065934065934,60.98901098901099,55,20,0.0,102,-16
Northern Iowa,MVC,56.31593406593406,1.76,15.9,17.4,1.4999999999999982,102,6.099999999999994,109.6,103.5,119,102,71.97802197802197,67.3076923076923,40,20,70.6043956043956,103,-1
Akron,MAC,56.293956043956044,1.4,16.4,17.3,0.9000000000000021,100,6.5,113.6,107.1,71,182,50.0,80.4945054945055,55,20,62.91208791208791,104,-4
Murray St.,MVC,56.23351648351648,2.86,17.0,17.3,0.3000000000000007,138,2.299999999999997,106.8,104.5,179,123,65.93406593406593,50.54945054945055,40,70,55.769230769230774,105,33
Saint Louis,A10,56.16483516483516,2.94,18.6,14.3,-4.300000000000001,122,3.799999999999997,109.1,105.3,132,138,62.08791208791209,63.46153846153846,40,70,0.0,106,16
Kent St.,MAC,55.78846153846154,2.15,17.3,18.3,1.0,111,4.299999999999997,106.2,101.9,192,83,77.1978021978022,46.42857142857143,40,50,64.01098901098901,107,4
Wichita St.,Amer,55.75274725274725,2.87,16.3,15.5,-0.8000000000000007,136,2.5,107.2,104.7,171,126,64.83516483516483,53.02197802197802,40,70,37.91208791208791,108,28
Providence,BE,55.7032967032967,1.9,19.0,13.8,-5.199999999999999,97,6.899999999999992,112.1,105.2,87,134,62.91208791208791,76.0989010989011,55,20,0.0,109,-12
California,ACC,55.403846153846146,2.31,16.6,16.3,-0.3000000000000007,110,4.399999999999992,111.3,106.9,94,175,51.373626373626365,73.9010989010989,40,50,46.42857142857143,110,0
South Alabama,SB,55.395604395604394,0.69,14.6,20.6,6.000000000000002,109,4.5,107.7,103.2,151,98,72.8021978021978,58.51648351648352,40,20,100.0,111,-2
Chattanooga,SC,55.318681318681314,1.74,14.7,16.3,1.6000000000000014,94,7.1000000000000085,116.4,109.3,44,227,37.637362637362635,87.91208791208791,55,20,73.07692307692307,112,-18
UAB,Amer,54.52197802197802,1.74,13.8,15.2,1.3999999999999986,99,6.700000000000003,116.3,109.6,46,231,36.26373626373626,87.36263736263736,55,20,68.68131868131869,113,-14
Syracuse,ACC,54.189560439560445,2.48,17.9,14.1,-3.799999999999999,113,4.200000000000003,110.3,106.1,106,152,58.24175824175825,70.6043956043956,40,50,0.7142857142857135,114,-1
Loyola Marymount,WCC,54.17307692307692,2.56,15.2,15.7,0.5,155,0.4000000000000057,104.2,103.8,221,109,69.78021978021978,39.285714285714285,40,70,59.065934065934066,115,40
Florida Atlantic,Amer,54.002747252747255,2.0,16.3,16.0,-0.3000000000000007,116,4.099999999999994,112.6,108.5,80,209,42.582417582417584,78.02197802197803,40,50,46.42857142857143,116,0
Seattle,WAC,53.92307692307693,2.08,17.0,20.9,3.8999999999999986,145,1.4000000000000057,104.0,102.6,223,95,73.9010989010989,38.18681318681318,40,50,95.93406593406593,117,28
DePaul,BE,53.90659340659341,2.17,18.1,15.5,-2.6000000000000014,122,3.799999999999997,109.2,105.4,130,139,60.98901098901099,64.01098901098901,40,50,18.13186813186813,118,4
Bryant,AE,53.84340659340659,2.62,16.3,16.4,0.09999999999999787,148,1.0,106.8,105.8,180,151,58.51648351648352,50.54945054945055,40,70,52.472527472527474,119,29
Duquesne,A10,53.50824175824176,2.19,18.3,20.0,1.6999999999999993,140,2.1000000000000085,105.9,103.8,201,107,69.78021978021978,44.505494505494504,40,50,74.45054945054946,120,20
Northern Colorado,BSky,53.357142857142854,2.13,15.9,15.5,-0.40000000000000036,125,3.6000000000000085,112.2,108.6,86,210,42.30769230769231,76.37362637362637,40,50,45.05494505494506,121,4
North Alabama,ASun,53.282967032967036,1.85,12.8,16.6,3.8000000000000007,115,4.199999999999989,111.1,106.9,96,176,51.373626373626365,73.62637362637363,40,20,95.65934065934066,122,-7
UNC Greensboro,SC,53.192307692307686,2.1,15.3,16.4,1.0999999999999979,143,1.7999999999999972,107.3,105.5,165,143,60.43956043956044,54.395604395604394,40,50,64.83516483516483,123,20
UC Santa Barbara,BW,52.74450549450549,2.57,18.2,17.2,-1.0,146,1.1000000000000083,108.7,107.6,141,191,47.25274725274725,61.26373626373627,40,70,33.791208791208796,124,22
Winthrop,BSth,52.68956043956044,2.66,17.7,18.7,1.0,165,-0.0999999999999943,108.4,108.5,143,208,42.582417582417584,60.71428571428571,40,70,64.01098901098901,125,40
Virginia,ACC,52.63461538461538,1.52,16.4,15.7,-0.6999999999999993,106,5.099999999999994,110.6,105.5,103,144,60.43956043956044,71.7032967032967,40,20,39.83516483516483,126,-20
CSUN,BW,52.51098901098901,1.85,18.8,20.2,1.3999999999999986,116,4.099999999999994,109.0,104.9,135,129,64.01098901098901,62.91208791208791,40,20,68.68131868131869,127,-11
Milwaukee,Horz,52.450549450549445,2.09,19.4,18.3,-1.0999999999999979,141,2.0999999999999943,107.5,105.4,154,142,60.98901098901099,56.59340659340659,40,50,33.51648351648351,128,13
Georgia Tech,ACC,52.29120879120879,1.91,17.4,15.8,-1.5999999999999979,103,5.900000000000006,107.2,101.3,168,73,79.94505494505495,53.02197802197802,40,20,28.021978021978022,129,-26
Jacksonville St.,CUSA,51.83791208791208,1.63,15.9,13.5,-2.4000000000000004,108,4.899999999999992,109.8,104.9,110,130,64.01098901098901,68.95604395604396,40,20,18.956043956043956,130,-22
St. Bonaventure,A10,51.728021978021985,1.31,16.0,18.9,2.8999999999999986,121,3.899999999999992,105.3,101.4,209,76,79.12087912087912,42.582417582417584,40,20,84.34065934065934,131,-10
Towson,CAA,51.66758241758242,2.17,14.5,17.3,2.8000000000000007,151,0.5999999999999943,107.0,106.4,176,162,54.94505494505495,51.64835164835166,40,50,83.79120879120879,132,19
Wofford,SC,51.48901098901099,2.12,16.9,14.7,-2.1999999999999993,113,4.200000000000003,113.9,109.7,69,234,35.43956043956044,81.04395604395604,40,50,20.87912087912088,133,-20
Samford,SC,51.38461538461538,1.91,18.6,21.6,3.0,118,4.0,112.8,108.8,76,213,41.48351648351649,78.84615384615384,40,20,85.71428571428571,134,-16
Montana,BSky,51.32967032967033,2.59,16.1,15.5,-0.6000000000000014,163,0.0,110.6,110.6,99,251,31.043956043956044,71.7032967032967,40,70,40.10989010989011,135,28
East Carolina,Amer,51.23351648351648,2.64,15.6,17.4,1.799999999999999,176,-1.1000000000000083,107.1,108.2,174,201,44.230769230769226,52.197802197802204,40,70,76.0989010989011,136,40
George Washington,A10,50.97252747252747,1.64,18.6,19.2,0.5999999999999979,128,3.3999999999999915,107.1,103.7,173,106,70.87912087912088,52.197802197802204,40,20,60.98901098901099,137,-9
Robert Morris,Horz,50.629120879120876,1.45,18.2,18.7,0.5,132,2.9000000000000057,107.5,104.6,155,125,65.65934065934066,56.59340659340659,40,20,59.065934065934066,138,-6
Utah Valley,WAC,50.629120879120876,0.78,17.3,16.9,-0.40000000000000213,111,4.299999999999997,106.7,102.4,181,93,74.45054945054946,50.27472527472527,40,20,44.230769230769226,139,-28
Belmont,MVC,49.956043956043956,1.39,15.9,17.6,1.700000000000001,126,3.5999999999999943,112.6,109.0,79,220,39.285714285714285,78.02197802197803,40,20,75.27472527472527,140,-14
Charleston,CAA,49.84065934065934,2.11,16.2,16.4,0.1999999999999993,153,0.5,106.1,105.6,197,146,59.61538461538461,45.879120879120876,40,50,53.84615384615385,141,12
St. Thomas,Sum,49.69780219780219,1.33,13.8,18.5,4.699999999999999,129,3.299999999999997,113.7,110.4,70,246,31.59340659340659,80.76923076923077,40,20,99.78021978021978,142,-13
East Tennessee St.,SC,49.543956043956044,1.99,16.1,18.9,2.799999999999997,142,1.8999999999999917,106.8,104.9,178,131,64.01098901098901,50.54945054945055,40,20,83.51648351648352,143,-1
James Madison,SB,48.9065934065934,2.34,15.8,15.6,-0.20000000000000107,162,0.1999999999999886,110.6,110.4,98,249,31.59340659340659,71.7032967032967,40,50,48.35164835164835,144,18
Marshall,SB,48.78296703296703,2.31,16.5,16.8,0.3000000000000007,167,-0.2999999999999971,106.5,106.8,184,171,52.74725274725275,48.9010989010989,40,50,55.769230769230774,145,22
Rhode Island,A10,48.61813186813187,2.28,17.9,16.0,-1.8999999999999986,155,0.4000000000000057,108.0,107.6,149,192,47.25274725274725,59.065934065934066,40,50,24.45054945054945,146,9
New Mexico St.,CUSA,48.527472527472526,1.72,15.6,15.0,-0.5999999999999996,134,2.799999999999997,104.3,101.5,220,78,78.57142857142857,39.56043956043956,40,20,41.75824175824176,147,-13
Tulane,Amer,48.43131868131868,0.88,16.0,17.5,1.5,144,1.5,108.3,106.8,144,172,52.74725274725275,60.16483516483516,40,20,71.15384615384616,148,-4
Cal Baptist,WAC,48.06868131868132,2.1,17.7,18.1,0.40000000000000213,172,-0.7000000000000028,105.7,106.4,204,161,54.94505494505495,43.956043956043956,40,50,57.96703296703297,149,23
Cleveland St.,Horz,48.02197802197802,1.8,18.0,21.9,3.8999999999999986,153,0.5,105.0,104.5,213,124,65.93406593406593,41.48351648351649,40,20,95.93406593406593,150,3
Louisiana Tech,CUSA,48.005494505494504,1.21,18.9,14.7,-4.199999999999999,127,3.5,108.9,105.4,137,140,60.98901098901099,62.362637362637365,40,20,0.0,151,-24
Illinois St.,MVC,47.82692307692308,1.91,15.9,16.3,0.40000000000000036,132,2.9000000000000057,112.7,109.8,78,237,34.61538461538461,78.57142857142857,40,20,57.417582417582416,152,-20
UTEP,CUSA,47.81318681318681,1.51,16.6,22.0,5.399999999999999,160,0.2000000000000028,105.3,105.1,208,133,63.46153846153846,42.582417582417584,40,20,100.0,153,7
Miami OH,MAC,47.75824175824175,1.28,17.4,19.1,1.7000000000000028,147,1.0999999999999943,108.1,107.0,146,181,50.27472527472527,59.61538461538461,40,20,75.82417582417582,154,-7
Furman,SC,47.7032967032967,1.23,17.0,16.4,-0.6000000000000014,139,2.200000000000003,110.3,108.1,107,199,45.05494505494506,70.6043956043956,40,20,40.10989010989011,155,-16
Temple,Amer,47.58791208791209,2.31,15.7,15.1,-0.5999999999999996,172,-0.7000000000000028,110.1,110.8,108,253,29.67032967032967,70.32967032967034,40,50,41.75824175824176,156,16
Washington St.,WCC,47.58791208791208,1.68,20.3,17.1,-3.1999999999999993,120,3.9000000000000057,111.9,108.0,89,198,45.604395604395606,75.54945054945054,40,20,4.835164835164836,157,-37
UTSA,Amer,47.450549450549445,2.43,15.7,20.6,4.900000000000002,190,-2.3999999999999915,107.4,109.8,161,236,34.61538461538461,55.219780219780226,40,50,100.0,158,32
Kennesaw St.,CUSA,47.26373626373626,1.2,19.7,15.1,-4.6,131,3.0,107.1,104.1,172,114,68.68131868131869,52.197802197802204,40,20,0.0,159,-28
Purdue Fort Wayne,Horz,47.23626373626374,1.91,13.8,20.1,6.300000000000001,158,0.2999999999999971,109.3,109.0,127,218,39.285714285714285,64.83516483516483,40,20,100.0,160,-2
Western Kentucky,CUSA,47.030219780219774,1.76,15.5,17.0,1.5,160,0.2000000000000028,103.5,103.3,234,100,72.52747252747253,35.714285714285715,40,20,71.15384615384616,161,-1
Davidson,A10,46.892857142857146,1.91,14.6,15.4,0.8000000000000007,148,1.0,109.5,108.5,120,207,42.582417582417584,66.75824175824175,40,20,61.81318681318682,162,-14
Norfolk St.,MEAC,46.887362637362635,2.14,18.3,18.6,0.3000000000000007,178,-1.5999999999999943,107.5,109.1,156,222,38.73626373626374,56.59340659340659,40,50,55.769230769230774,163,15
Appalachian St.,SB,46.873626373626365,2.23,16.9,14.7,-2.1999999999999993,169,-0.5,101.2,101.7,277,80,77.74725274725274,23.35164835164835,40,50,20.87912087912088,164,5
South Florida,Amer,46.57142857142857,2.06,16.2,18.3,2.1000000000000014,198,-2.9000000000000057,103.6,106.5,232,165,54.12087912087912,36.26373626373626,40,50,79.12087912087912,165,33
Southeastern Louisiana,Slnd,46.282967032967036,2.14,17.4,18.8,1.4000000000000021,184,-2.200000000000003,105.0,107.2,212,184,49.45054945054945,41.48351648351649,40,50,70.05494505494505,166,18
Texas A&M Corpus Chris,Slnd,46.26098901098901,1.37,17.8,18.3,0.5,150,0.8000000000000114,106.4,105.6,189,145,59.61538461538461,48.07692307692308,40,20,59.065934065934066,167,-17
South Dakota St.,Sum,46.19230769230769,0.77,17.6,12.7,-4.900000000000002,136,2.5,109.7,107.2,115,183,49.45054945054945,67.85714285714286,40,20,0.0,168,-32
UNC Asheville,BSth,45.84615384615384,2.2,14.8,18.0,3.1999999999999993,201,-3.200000000000003,109.1,112.3,133,281,22.252747252747252,63.46153846153846,40,50,92.63736263736264,169,32
Maine,AE,45.55494505494505,2.25,15.5,21.9,6.399999999999999,221,-4.6000000000000085,100.1,104.7,296,128,64.83516483516483,18.681318681318682,40,50,100.0,170,51
Montana St.,BSky,45.28021978021978,2.12,15.1,15.3,0.20000000000000107,187,-2.299999999999997,105.2,107.5,210,189,47.8021978021978,42.30769230769231,40,50,54.94505494505495,171,16
UC Riverside,BW,44.98351648351649,1.24,16.0,15.6,-0.40000000000000036,158,0.2999999999999971,109.8,109.5,111,230,36.81318681318682,68.95604395604396,40,20,45.05494505494506,172,-14
Cornell,Ivy,44.94230769230769,1.43,16.8,15.3,-1.5,129,3.299999999999997,115.0,111.7,60,271,25.0,83.24175824175825,40,20,29.395604395604398,173,-44
Nicholls,Slnd,44.92857142857142,1.97,15.3,16.7,1.3999999999999986,167,-0.2999999999999971,106.0,106.3,198,156,56.31868131868132,45.32967032967033,40,20,68.68131868131869,174,-7
Lamar,Slnd,44.667582417582416,1.2,19.0,17.7,-1.3000000000000007,157,0.3000000000000113,102.4,102.1,250,86,76.0989010989011,31.043956043956044,40,20,30.494505494505496,175,-18
Florida Gulf Coast,ASun,44.35989010989011,2.15,16.2,14.1,-2.0999999999999996,179,-1.7999999999999972,107.2,109.0,170,219,39.285714285714285,53.02197802197802,40,50,23.35164835164835,176,3
Merrimack,MAAC,44.26923076923077,1.29,13.8,23.2,9.399999999999999,183,-2.1999999999999886,99.9,102.1,297,87,76.0989010989011,18.13186813186813,40,20,100.0,177,6
Radford,BSth,44.15934065934066,1.01,17.7,16.5,-1.1999999999999993,151,0.5999999999999943,110.5,109.9,104,239,33.791208791208796,71.42857142857143,40,20,31.868131868131865,178,-27
South Carolina St.,MEAC,43.925824175824175,1.33,19.9,22.8,2.900000000000002,192,-2.5,102.6,105.1,247,132,63.46153846153846,32.142857142857146,40,20,84.89010989010988,179,13
Nebraska Omaha,Sum,43.54120879120879,1.79,15.6,14.8,-0.7999999999999989,165,-0.0999999999999943,111.0,111.1,97,259,28.57142857142857,73.35164835164835,40,20,39.285714285714285,180,-15
Southeast Missouri,OVC,43.35164835164835,0.91,15.4,19.0,3.5999999999999996,201,-3.200000000000003,102.1,105.3,255,136,62.08791208791209,29.945054945054945,40,20,94.83516483516483,181,20
Miami FL,ACC,43.315934065934066,2.44,16.0,15.0,-1.0,193,-2.5999999999999943,113.5,116.1,72,339,6.868131868131869,80.21978021978022,40,50,33.791208791208796,182,11
Princeton,Ivy,43.30769230769231,1.63,15.2,17.3,2.1000000000000014,177,-1.5,105.4,106.9,206,173,51.373626373626365,43.13186813186813,40,20,79.12087912087912,183,-6
Eastern Kentucky,ASun,43.11813186813187,1.45,13.8,17.8,4.0,187,-2.299999999999997,109.5,111.8,121,274,24.175824175824175,66.75824175824175,40,20,96.75824175824175,184,3
San Jose St.,MWC,43.11538461538461,1.85,17.2,16.7,-0.5,169,-0.5,107.2,107.7,167,193,46.97802197802198,53.02197802197802,40,20,42.30769230769231,185,-16
Central Connecticut,NEC,42.90934065934066,1.63,17.2,18.1,0.9000000000000021,179,-1.7999999999999972,99.9,101.7,298,81,77.74725274725274,18.13186813186813,40,20,62.91208791208791,186,-7
American,PL,42.52472527472528,2.53,16.9,17.7,0.8000000000000007,248,-6.700000000000003,102.5,109.2,248,225,37.91208791208791,31.868131868131865,40,70,61.81318681318682,187,61
Illinois Chicago,MVC,42.45604395604395,1.95,17.5,15.8,-1.6999999999999993,169,-0.5,107.3,107.8,166,196,46.15384615384615,54.395604395604394,40,20,25.82417582417583,188,-19
Seton Hall,BE,42.1978021978022,1.74,19.1,22.2,3.099999999999998,204,-3.4000000000000057,98.8,102.2,315,89,75.27472527472527,13.461538461538462,40,20,91.53846153846155,189,15
Oakland,Horz,41.98901098901099,1.27,18.0,16.2,-1.8000000000000007,174,-0.8999999999999915,107.4,108.3,159,204,43.956043956043956,55.219780219780226,40,20,24.725274725274726,190,-16
North Dakota St.,Sum,41.98901098901099,1.49,15.6,11.1,-4.5,135,2.700000000000003,115.4,112.7,56,296,18.681318681318682,84.61538461538461,40,20,0.0,191,-56
Virginia Tech,ACC,41.9065934065934,1.04,20.1,16.2,-3.900000000000002,163,0.0,106.5,106.5,185,166,54.12087912087912,48.9010989010989,40,20,0.0,192,-29
Youngstown St.,Horz,41.79670329670329,1.88,17.6,18.0,0.3999999999999986,197,-2.8999999999999915,102.4,105.3,249,137,62.08791208791209,31.043956043956044,40,20,57.14285714285714,193,4
Sam Houston St.,CUSA,41.76923076923077,1.35,18.3,17.1,-1.1999999999999993,175,-1.0999999999999943,110.4,111.5,105,265,26.098901098901102,71.15384615384616,40,20,31.868131868131865,194,-19
Ohio,MAC,41.19230769230769,1.84,14.9,17.8,2.9000000000000004,195,-2.799999999999997,106.3,109.1,190,223,38.73626373626374,47.8021978021978,40,20,84.61538461538461,195,0
Abilene Christian,WAC,40.89285714285714,1.34,20.7,24.0,3.3000000000000007,218,-4.599999999999994,97.7,102.3,330,92,74.72527472527473,9.340659340659341,40,20,93.46153846153845,196,22
Portland St.,BSky,40.766483516483525,0.98,18.4,19.6,1.2000000000000028,206,-3.700000000000003,100.5,104.2,289,117,67.58241758241759,20.32967032967033,40,20,67.85714285714286,197,9
Wright St.,Horz,40.39835164835165,2.0,17.8,14.2,-3.6000000000000014,214,-4.299999999999997,109.8,114.1,109,314,13.736263736263737,68.95604395604396,40,50,1.813186813186812,198,16
Jacksonville,ASun,40.31318681318681,1.57,19.5,18.6,-0.8999999999999986,198,-2.9000000000000057,101.5,104.4,272,120,66.75824175824175,25.0,40,20,35.714285714285715,199,-1
UMass Lowell,AE,40.252747252747255,2.52,18.1,14.7,-3.400000000000002,243,-6.399999999999992,108.7,115.1,140,322,10.714285714285714,61.26373626373627,40,70,3.186813186813188,200,43
Central Michigan,MAC,40.175824175824175,1.55,17.6,18.2,0.5999999999999979,198,-2.9000000000000057,105.5,108.4,205,206,43.40659340659341,43.68131868131868,40,20,60.98901098901099,201,-3
Valparaiso,MVC,40.151098901098905,1.4,14.0,17.1,3.1000000000000014,205,-3.5,106.2,109.7,195,233,35.43956043956044,46.42857142857143,40,20,91.81318681318682,202,3
Campbell,CAA,40.01098901098901,1.62,15.8,18.8,3.0,218,-4.599999999999994,101.7,106.3,266,159,56.31868131868132,26.098901098901102,40,20,85.71428571428571,203,15
Hampton,CAA,39.997252747252745,1.83,16.0,18.8,2.8000000000000007,214,-4.299999999999997,103.8,108.1,226,200,45.05494505494506,37.637362637362635,40,20,83.79120879120879,204,10
Cal Poly,BW,39.84615384615385,0.87,20.7,19.1,-1.5999999999999979,182,-2.0999999999999943,109.4,111.5,124,269,26.098901098901102,65.38461538461539,40,20,28.021978021978022,205,-23
Boston College,ACC,39.68131868131868,1.73,17.3,15.5,-1.8000000000000007,181,-2.0,105.4,107.4,207,187,48.35164835164835,43.13186813186813,40,20,24.725274725274726,206,-25
Drexel,CAA,39.68131868131868,0.72,18.6,14.4,-4.200000000000001,184,-2.200000000000003,104.0,106.2,224,153,57.417582417582416,38.18681318681318,40,20,0.0,207,-23
Vermont,AE,39.57967032967033,2.41,17.3,15.7,-1.6000000000000014,240,-6.299999999999997,99.3,105.6,304,147,59.61538461538461,16.208791208791208,40,50,26.64835164835165,208,32
Richmond,A10,39.46978021978022,2.18,15.4,15.8,0.40000000000000036,246,-6.599999999999994,102.9,109.5,241,229,36.81318681318682,33.51648351648351,40,50,57.417582417582416,209,37
Little Rock,OVC,39.43406593406594,1.15,20.4,21.5,1.1000000000000014,225,-4.900000000000006,99.3,104.2,305,118,67.58241758241759,16.208791208791208,40,20,65.93406593406593,210,15
Wyoming,MWC,39.26923076923077,1.79,19.9,15.8,-4.099999999999998,187,-2.299999999999997,103.5,105.8,233,149,58.51648351648352,35.714285714285715,40,20,0.0,211,-24
Quinnipiac,MAAC,39.18681318681318,1.79,17.9,17.1,-0.7999999999999972,213,-4.1000000000000085,102.1,106.2,254,154,57.417582417582416,29.945054945054945,40,20,39.56043956043956,212,1
Dartmouth,Ivy,39.090659340659336,1.58,16.2,13.8,-2.3999999999999986,203,-3.299999999999997,100.3,103.6,294,104,71.15384615384616,19.230769230769234,40,20,19.505494505494507,213,-10
Southern,SWAC,39.090659340659336,0.69,18.5,21.1,2.6000000000000014,231,-5.5,99.2,104.7,307,127,64.83516483516483,15.10989010989011,40,20,82.14285714285714,214,17
Longwood,BSth,38.93956043956044,1.78,18.0,20.7,2.6999999999999993,210,-3.9000000000000057,106.1,110.0,196,242,33.51648351648351,45.879120879120876,40,20,82.41758241758241,215,-5
SIUE,OVC,38.85714285714286,1.53,17.2,17.1,-0.09999999999999787,217,-4.5,101.8,106.3,261,158,56.31868131868132,28.021978021978022,40,20,51.098901098901095,216,1
Massachusetts,A10,38.82967032967033,1.31,16.1,17.5,1.3999999999999986,223,-4.800000000000011,102.1,106.9,253,174,51.373626373626365,29.945054945054945,40,20,68.68131868131869,217,6
Texas St.,SB,38.78846153846153,1.9,18.1,16.0,-2.1000000000000014,194,-2.700000000000003,109.7,112.4,117,286,21.153846153846153,67.85714285714286,40,20,21.703296703296704,218,-24
Northeastern,CAA,38.760989010989015,1.59,18.6,18.2,-0.40000000000000213,208,-3.799999999999997,103.7,107.5,228,190,47.8021978021978,37.362637362637365,40,20,44.230769230769226,219,-11
Toledo,MAC,38.5,1.87,13.7,15.4,1.700000000000001,236,-5.799999999999997,112.4,118.2,84,356,2.197802197802198,76.92307692307693,40,20,75.27472527472527,220,16
Northern Kentucky,Horz,38.417582417582416,1.9,17.3,19.9,2.599999999999998,229,-5.299999999999997,102.9,108.2,242,203,44.230769230769226,33.51648351648351,40,20,81.86813186813187,221,8
Rice,Amer,38.1978021978022,1.85,17.8,14.0,-3.8000000000000007,184,-2.200000000000003,106.5,108.7,186,211,41.75824175824176,48.9010989010989,40,20,0.0,222,-38
Brown,Ivy,38.14285714285714,1.71,17.1,15.7,-1.4000000000000021,208,-3.799999999999997,103.2,107.0,236,179,50.27472527472527,35.16483516483517,40,20,30.21978021978022,223,-15
UC Davis,BW,38.11538461538461,1.6,19.7,21.8,2.1000000000000014,250,-7.0,97.0,104.0,335,112,69.23076923076923,7.967032967032966,40,20,79.12087912087912,224,26
Idaho St.,BSky,38.08791208791209,0.67,16.3,17.9,1.5999999999999979,211,-4.0,105.9,109.9,202,241,33.791208791208796,44.505494505494504,40,20,71.97802197802197,225,-14
South Dakota,Sum,37.92307692307692,1.84,12.6,17.3,4.700000000000001,240,-6.299999999999997,109.3,115.6,128,332,8.241758241758241,64.83516483516483,40,20,100.0,226,14
Southern Illinois,MVC,37.89010989010989,1.44,18.3,15.2,-3.1000000000000014,191,-2.4000000000000057,106.0,108.4,199,205,43.40659340659341,45.32967032967033,40,20,5.384615384615385,227,-36
Hofstra,CAA,37.88186813186813,1.4,17.6,16.4,-1.2000000000000028,218,-4.599999999999994,98.0,102.6,326,94,73.9010989010989,10.43956043956044,40,20,31.59340659340659,228,-10
Northern Arizona,BSky,37.629120879120876,2.21,15.2,15.0,-0.1999999999999993,250,-7.0,104.7,111.7,215,273,25.0,40.65934065934066,40,50,48.62637362637363,229,21
Indiana St.,MVC,37.61538461538462,1.11,19.5,15.8,-3.6999999999999993,195,-2.799999999999997,109.4,112.2,126,280,23.076923076923077,65.38461538461539,40,20,1.5384615384615383,230,-35
La Salle,A10,37.34615384615384,1.89,15.5,16.7,1.1999999999999993,230,-5.300000000000011,103.6,108.9,231,214,40.38461538461539,36.26373626373626,40,20,67.03296703296702,231,-1
Incarnate Word,Slnd,37.23626373626374,1.86,17.5,17.4,-0.10000000000000142,223,-4.800000000000011,107.6,112.4,152,285,21.153846153846153,57.96703296703297,40,20,50.0,232,-9
Tulsa,Amer,37.07142857142857,2.67,16.9,14.4,-2.4999999999999982,268,-8.600000000000009,101.6,110.2,270,244,32.967032967032964,25.82417582417583,40,70,18.681318681318682,233,35
Albany,AE,37.0,2.3,15.7,19.8,4.100000000000001,273,-9.200000000000005,103.3,112.5,235,289,20.054945054945055,35.43956043956044,40,50,97.03296703296702,234,39
Presbyterian,BSth,36.57692307692307,1.71,16.2,17.8,1.6000000000000014,233,-5.599999999999994,104.5,110.1,219,243,33.24175824175824,39.83516483516483,40,20,73.07692307692307,235,-2
FIU,CUSA,36.549450549450555,1.23,19.5,20.6,1.1000000000000014,253,-7.599999999999994,96.7,104.3,339,119,67.3076923076923,6.868131868131869,40,20,65.93406593406593,236,17
Elon,CAA,36.467032967032964,1.18,19.1,13.1,-6.000000000000002,206,-3.700000000000003,107.5,111.2,157,261,28.296703296703296,56.59340659340659,40,20,0.0,237,-31
Pepperdine,WCC,36.21978021978022,1.19,16.1,15.3,-0.8000000000000007,216,-4.399999999999992,106.4,110.8,187,255,29.67032967032967,48.07692307692308,40,20,37.91208791208791,238,-22
Queens,ASun,36.06868131868132,1.75,18.2,15.9,-2.299999999999999,212,-4.099999999999994,107.0,111.1,175,260,28.57142857142857,51.64835164835166,40,20,20.054945054945055,239,-27
Northwestern St.,Slnd,35.972527472527474,0.81,20.2,17.4,-2.8000000000000007,222,-4.799999999999997,103.0,107.8,239,194,46.15384615384615,34.34065934065934,40,20,16.483516483516482,240,-18
Bucknell,PL,35.90384615384615,1.74,18.6,17.0,-1.6000000000000014,226,-5.0,102.8,107.8,245,195,46.15384615384615,32.417582417582416,40,20,26.64835164835165,241,-15
Delaware,CAA,35.46428571428572,1.11,16.6,15.5,-1.1000000000000014,235,-5.699999999999989,109.4,115.1,122,324,10.714285714285714,65.38461538461539,40,20,32.69230769230769,242,-7
Columbia,Ivy,35.33516483516484,2.09,15.4,16.4,0.9999999999999982,278,-9.599999999999994,106.4,116.0,188,336,7.417582417582418,48.07692307692308,40,50,63.73626373626373,243,35
Iona,MAAC,34.91483516483516,0.79,20.9,22.8,1.9000000000000021,257,-7.899999999999991,98.7,106.6,317,168,53.84615384615385,12.912087912087914,40,20,77.74725274725274,244,13
Kansas City,Sum,34.9010989010989,1.38,18.7,17.1,-1.5999999999999979,238,-6.0,100.4,106.4,291,164,54.94505494505495,20.054945054945055,40,20,28.021978021978022,245,-7
Hawaii,BW,34.73626373626374,1.58,20.7,13.1,-7.6,227,-5.1000000000000085,103.1,108.2,237,202,44.230769230769226,34.89010989010989,40,20,0.0,246,-19
William & Mary,CAA,34.708791208791204,1.77,18.1,17.6,-0.5,231,-5.5,107.3,112.8,164,298,17.582417582417584,54.395604395604394,40,20,42.30769230769231,247,-16
IU Indy,Horz,34.51648351648352,0.26,15.7,15.9,0.20000000000000107,312,-13.0,109.8,122.8,112,363,0.27472527472527475,68.95604395604396,40,20,54.94505494505495,248,64
UT Rio Grande Valley,Slnd,34.24175824175824,1.75,19.2,17.6,-1.5999999999999979,234,-5.6000000000000085,105.1,110.7,211,252,30.76923076923077,42.032967032967036,40,20,28.021978021978022,249,-15
Missouri St.,MVC,34.241758241758234,1.19,20.7,19.1,-1.5999999999999979,239,-6.1000000000000085,101.3,107.4,274,188,48.35164835164835,24.45054945054945,40,20,28.021978021978022,250,-11
UT Arlington,WAC,34.15934065934066,1.73,19.2,16.4,-2.8000000000000007,228,-5.199999999999989,107.4,112.6,160,292,19.230769230769234,55.219780219780226,40,20,16.483516483516482,251,-23
Manhattan,MAAC,34.13186813186813,0.85,16.7,15.1,-1.5999999999999996,240,-6.299999999999997,108.9,115.2,136,327,10.164835164835164,62.362637362637365,40,20,27.472527472527474,252,-12
Tarleton St.,WAC,33.994505494505496,0.48,25.1,23.3,-1.8000000000000007,286,-10.5,93.1,103.6,359,105,71.15384615384616,1.3736263736263736,40,20,24.725274725274726,253,33
North Florida,ASun,33.760989010989015,1.53,15.0,14.7,-0.3000000000000007,266,-8.5,109.4,117.9,123,353,2.7472527472527473,65.38461538461539,40,20,46.42857142857143,254,12
Evansville,MVC,33.706043956043956,1.25,17.7,16.7,-1.0,254,-7.600000000000008,98.6,106.2,318,155,57.417582417582416,12.637362637362637,40,20,33.791208791208796,255,-1
Stephen F. Austin,Slnd,33.60989010989011,1.69,22.2,20.2,-2.0,270,-9.0,95.5,104.5,344,122,65.93406593406593,5.4945054945054945,40,20,23.626373626373624,256,14
Siena,MAAC,33.40384615384615,0.42,17.2,18.2,1.0,254,-7.600000000000008,102.8,110.4,246,245,31.59340659340659,32.417582417582416,40,20,64.01098901098901,257,-3
Mercer,SC,33.39010989010988,1.55,16.6,16.8,0.1999999999999993,257,-7.899999999999991,99.4,107.3,303,185,48.9010989010989,16.758241758241756,40,20,53.84615384615385,258,-1
Georgia Southern,SB,33.36263736263736,1.26,19.0,18.4,-0.6000000000000014,249,-6.900000000000006,102.8,109.7,243,235,35.43956043956044,32.417582417582416,40,20,40.10989010989011,259,-10
Jackson St.,SWAC,33.26648351648351,1.48,19.5,17.4,-2.1000000000000014,245,-6.5,100.5,107.0,290,180,50.27472527472527,20.32967032967033,40,20,21.703296703296704,260,-15
Fordham,A10,33.22527472527472,1.88,18.4,16.7,-1.6999999999999993,237,-5.899999999999992,106.2,112.1,193,279,23.35164835164835,46.42857142857143,40,20,25.82417582417583,261,-24
Alabama St.,SWAC,32.97802197802198,1.63,13.1,18.7,5.6,269,-8.900000000000006,101.5,110.4,271,247,31.59340659340659,25.0,40,20,100.0,262,7
Cal St. Bakersfield,BW,32.82692307692308,1.4,18.8,18.9,0.09999999999999787,246,-6.599999999999994,106.2,112.8,191,297,17.582417582417584,46.42857142857143,40,20,52.472527472527474,263,-17
Fresno St.,MWC,32.73076923076923,0.42,17.8,18.0,0.1999999999999993,259,-7.900000000000006,100.8,108.7,285,212,41.75824175824176,21.703296703296704,40,20,53.84615384615385,264,-5
Ball St.,MAC,32.65659340659341,2.38,16.4,14.1,-2.299999999999999,273,-9.200000000000005,103.6,112.8,229,300,17.582417582417584,36.26373626373626,40,50,20.054945054945055,265,8
Texas Southern,SWAC,32.387362637362635,1.74,19.8,19.6,-0.1999999999999993,278,-9.599999999999994,96.7,106.3,337,157,56.31868131868132,6.868131868131869,40,20,48.62637362637363,266,12
Mount St. Mary's,MAAC,32.26373626373626,1.41,21.5,15.6,-5.9,243,-6.399999999999992,100.9,107.3,283,186,48.9010989010989,21.978021978021978,40,20,0.0,267,-24
Harvard,Ivy,32.22252747252747,1.3,17.9,17.7,-0.1999999999999993,256,-7.799999999999997,101.2,109.0,276,221,39.285714285714285,23.35164835164835,40,20,48.62637362637363,268,-12
North Dakota,Sum,32.112637362637365,1.05,16.6,15.0,-1.6000000000000014,264,-8.299999999999997,107.7,116.0,150,337,7.417582417582418,58.51648351648352,40,20,26.64835164835165,269,-5
LIU,NEC,32.03021978021978,1.06,20.1,19.2,-0.9000000000000021,285,-10.400000000000006,95.0,105.4,351,141,60.98901098901099,3.296703296703297,40,20,34.89010989010989,270,15
Navy,PL,31.700549450549453,1.22,16.1,17.8,1.6999999999999993,276,-9.299999999999995,102.3,111.6,252,270,25.82417582417583,30.76923076923077,40,20,74.45054945054946,271,5
Louisiana,SB,31.629120879120883,2.0,16.0,19.1,3.1000000000000014,313,-13.200000000000005,98.1,111.3,325,263,27.747252747252748,10.714285714285714,40,50,91.81318681318682,272,41
Tennessee St.,OVC,31.255494505494504,0.96,21.1,17.4,-3.700000000000003,252,-7.199999999999989,102.4,109.6,251,232,36.26373626373626,31.043956043956044,40,20,1.2637362637362646,273,-21
Marist,MAAC,31.219780219780223,1.18,18.4,16.4,-2.0,273,-9.200000000000005,97.2,106.4,333,160,54.94505494505495,8.516483516483516,40,20,23.626373626373624,274,-1
Charlotte,Amer,31.164835164835164,1.81,15.1,14.6,-0.5,259,-7.900000000000006,104.6,112.5,217,288,20.054945054945055,40.10989010989011,40,20,42.30769230769231,275,-16
Monmouth,CAA,31.123626373626372,1.7,16.2,16.6,0.40000000000000213,267,-8.599999999999994,104.0,112.6,225,293,19.230769230769234,38.18681318681318,40,20,57.96703296703297,276,-9
Colgate,PL,31.082417582417584,1.27,16.7,16.3,-0.3999999999999986,261,-8.0,104.7,112.7,216,295,18.681318681318682,40.65934065934066,40,20,45.604395604395606,277,-16
Austin Peay,ASun,31.0,0.94,14.8,16.8,2.0,280,-9.700000000000005,101.7,111.4,263,264,27.472527472527474,26.098901098901102,40,20,78.57142857142857,278,2
Sacred Heart,MAAC,30.94505494505494,1.24,17.7,17.6,-0.09999999999999787,262,-8.100000000000009,104.8,112.9,214,303,16.758241758241756,41.208791208791204,40,20,51.098901098901095,279,-17
Eastern Illinois,OVC,30.615384615384613,1.05,18.7,20.8,2.1000000000000014,315,-13.299999999999995,93.7,107.0,357,178,50.27472527472527,1.9230769230769231,40,20,79.12087912087912,280,35
Houston Christian,Slnd,30.230769230769234,0.83,18.0,17.9,-0.10000000000000142,270,-9.0,100.9,109.9,284,240,33.791208791208796,21.978021978021978,40,20,50.0,281,-11
UMBC,AE,29.94230769230769,1.72,15.9,17.4,1.4999999999999982,299,-11.599999999999994,106.5,118.1,183,355,2.4725274725274726,48.9010989010989,40,20,70.6043956043956,282,17
Georgia St.,SB,29.708791208791208,1.74,16.8,13.0,-3.8000000000000007,262,-8.100000000000009,106.6,114.7,182,319,12.362637362637363,50.0,40,20,0.0,283,-21
Gardner Webb,BSth,29.626373626373628,1.76,20.7,14.8,-5.899999999999999,264,-8.299999999999997,103.0,111.3,238,262,27.747252747252748,34.34065934065934,40,20,0.0,284,-20
Saint Peter's,MAAC,29.282967032967036,1.18,20.6,17.7,-2.900000000000002,297,-11.400000000000006,95.0,106.4,352,163,54.94505494505495,3.296703296703297,40,20,16.208791208791208,285,12
Idaho,BSky,29.255494505494507,0.72,17.9,15.1,-2.799999999999999,281,-9.799999999999995,107.2,117.0,169,345,4.945054945054945,53.02197802197802,40,20,17.307692307692307,286,-5
Lehigh,PL,29.20054945054945,1.6,15.6,16.1,0.5000000000000018,283,-10.299999999999995,100.7,111.0,286,258,29.120879120879124,21.428571428571427,40,20,60.71428571428571,287,-4
Eastern Michigan,MAC,29.021978021978022,1.8,18.7,17.8,-0.8999999999999986,277,-9.300000000000011,104.6,113.9,218,313,14.010989010989011,40.10989010989011,40,20,35.714285714285715,288,-11
Lafayette,PL,28.9532967032967,1.12,16.6,16.7,0.09999999999999787,291,-10.800000000000011,98.1,108.9,323,215,40.38461538461539,10.714285714285714,40,20,52.472527472527474,289,2
Bowling Green,MAC,28.417582417582416,1.27,17.5,17.4,-0.10000000000000142,289,-10.599999999999994,99.2,109.8,309,238,34.61538461538461,15.10989010989011,40,20,50.0,290,-1
Western Michigan,MAC,28.266483516483518,1.23,15.8,16.6,0.8000000000000007,290,-10.700000000000005,101.7,112.4,269,284,21.153846153846153,26.098901098901102,40,20,61.81318681318682,291,-1
Bethune Cookman,SWAC,28.142857142857142,1.6,19.5,16.7,-2.8000000000000007,286,-10.5,97.5,108.0,331,197,45.604395604395606,8.791208791208792,40,20,16.483516483516482,292,-6
VMI,SC,27.950549450549453,0.74,18.0,17.6,-0.3999999999999986,286,-10.5,100.3,110.8,292,254,29.67032967032967,19.230769230769234,40,20,45.604395604395606,293,-7
Old Dominion,SB,27.95054945054945,1.41,16.9,16.0,-0.8999999999999986,282,-10.200000000000005,100.3,110.5,293,250,31.318681318681318,19.230769230769234,40,20,35.714285714285715,294,-12
Portland,WCC,27.895604395604394,1.92,18.0,13.2,-4.800000000000001,270,-9.0,105.9,114.9,200,320,11.813186813186812,44.505494505494504,40,20,0.0,295,-25
Charleston Southern,BSth,27.86263736263736,2.25,19.9,13.5,-6.399999999999999,302,-12.200000000000005,99.7,111.9,300,277,23.9010989010989,17.307692307692307,40,50,0.0,296,6
San Diego,WCC,27.59340659340659,0.54,18.4,18.5,0.10000000000000142,296,-11.399999999999991,99.4,110.8,302,256,29.67032967032967,16.758241758241756,40,20,53.2967032967033,297,-1
Lindenwood,OVC,27.497252747252745,0.96,17.9,19.4,1.5,327,-14.600000000000009,94.3,108.9,354,217,40.38461538461539,2.7472527472527473,40,20,71.15384615384616,298,29
Delaware St.,MEAC,27.057692307692307,1.63,18.1,20.0,1.8999999999999986,308,-12.600000000000009,101.8,114.4,260,317,12.637362637362637,28.021978021978022,40,20,77.1978021978022,299,9
Tennessee Martin,OVC,27.016483516483518,0.29,19.5,18.9,-0.6000000000000014,292,-10.899999999999991,101.9,112.8,257,299,17.582417582417584,29.120879120879124,40,20,40.10989010989011,300,-8
Eastern Washington,BSky,26.480769230769234,0.3,18.7,19.0,0.3000000000000007,295,-11.299999999999995,101.7,113.0,267,305,16.208791208791208,26.098901098901102,40,20,55.769230769230774,301,-6
Penn,Ivy,26.467032967032964,1.51,16.4,13.4,-2.9999999999999982,294,-11.099999999999994,104.0,115.1,222,323,10.714285714285714,38.18681318681318,40,20,15.934065934065933,302,-8
Southern Miss,SB,26.365384615384613,1.89,19.5,16.1,-3.3999999999999986,293,-11.0,97.9,108.9,327,216,40.38461538461539,10.164835164835164,40,20,4.010989010989011,303,-10
Fairleigh Dickinson,NEC,26.31593406593407,0.99,17.1,17.6,0.5,305,-12.5,98.4,110.9,320,257,29.395604395604398,11.813186813186812,40,20,59.065934065934066,304,1
North Carolina Central,MEAC,25.876373626373628,1.47,19.2,21.0,1.8000000000000007,324,-14.400000000000006,102.8,117.2,244,348,4.395604395604396,32.417582417582416,40,20,76.64835164835165,305,19
Pacific,WCC,25.752747252747252,1.34,19.3,15.4,-3.9000000000000004,283,-10.299999999999995,101.5,111.8,273,275,24.175824175824175,25.0,40,20,0.0,306,-23
Grambling St.,SWAC,25.725274725274723,0.89,19.2,18.3,-0.8999999999999986,319,-13.799999999999995,95.4,109.2,345,224,37.91208791208791,5.21978021978022,40,20,35.714285714285715,307,12
Utah Tech,WAC,25.60164835164835,1.65,18.3,17.4,-0.9000000000000021,301,-12.0,101.8,113.8,262,310,14.835164835164836,28.021978021978022,40,20,34.89010989010989,308,-7
Weber St.,BSky,25.31318681318681,1.7,16.9,16.5,-0.3999999999999986,300,-11.700000000000005,101.2,112.9,279,301,16.758241758241756,23.35164835164835,40,20,45.604395604395606,309,-9
Southern Utah,WAC,25.25824175824176,1.09,21.6,15.1,-6.500000000000002,297,-11.400000000000006,98.1,109.5,324,228,36.81318681318682,10.714285714285714,40,20,0.0,310,-13
Army,PL,24.612637362637365,1.72,14.3,16.0,1.6999999999999993,318,-13.700000000000005,100.2,113.9,295,311,14.010989010989011,18.956043956043956,40,20,74.45054945054946,311,7
Denver,Sum,24.48901098901099,0.91,18.5,17.6,-0.8999999999999986,309,-12.799999999999995,98.7,111.5,316,268,26.098901098901102,12.912087912087914,40,20,35.714285714285715,312,-3
Rider,MAAC,24.255494505494504,1.7,17.1,16.0,-1.1000000000000014,315,-13.299999999999995,101.8,115.1,259,325,10.714285714285714,28.021978021978022,40,20,32.69230769230769,313,2
Loyola MD,PL,23.857142857142854,1.25,17.7,16.9,-0.8000000000000007,305,-12.5,100.5,113.0,288,304,16.208791208791208,20.32967032967033,40,20,37.91208791208791,314,-9
Howard,MEAC,23.774725274725274,1.8,21.2,16.5,-4.699999999999999,313,-13.200000000000005,103.8,117.0,227,346,4.945054945054945,37.637362637362635,40,20,0.0,315,-2
Tennessee Tech,OVC,23.58241758241758,0.92,17.4,15.2,-2.1999999999999993,302,-12.200000000000005,101.0,113.2,281,306,15.934065934065933,22.52747252747253,40,20,20.87912087912088,316,-14
Bellarmine,ASun,23.417582417582416,1.33,17.4,15.4,-1.9999999999999982,347,-18.200000000000003,103.6,121.8,230,360,1.098901098901099,36.26373626373626,40,20,24.175824175824175,317,30
Boston University,PL,23.197802197802197,1.36,20.6,16.6,-4.0,304,-12.400000000000006,99.1,111.5,310,266,26.098901098901102,14.560439560439562,40,20,0.0,318,-14
Oral Roberts,Sum,22.826923076923073,1.69,16.3,13.9,-2.4000000000000004,330,-15.0,102.9,117.9,240,354,2.7472527472527473,33.51648351648351,40,20,18.956043956043956,319,11
Long Beach St.,BW,22.785714285714285,1.62,21.7,17.1,-4.599999999999998,307,-12.599999999999994,101.7,114.3,265,316,13.186813186813188,26.098901098901102,40,20,0.0,320,-13
Fairfield,MAAC,22.62087912087912,1.76,15.5,18.2,2.6999999999999993,334,-16.0,98.2,114.2,322,315,13.461538461538462,11.538461538461538,40,20,82.41758241758241,321,13
Air Force,MWC,22.62087912087912,1.79,20.7,15.7,-5.0,309,-12.799999999999995,98.9,111.7,312,272,25.0,13.736263736263737,40,20,0.0,322,-13
Wagner,NEC,22.4010989010989,1.9,19.4,18.2,-1.1999999999999993,345,-18.10000000000001,92.3,110.4,360,248,31.59340659340659,1.098901098901099,40,20,31.868131868131865,323,22
Saint Francis,NEC,22.354395604395602,0.64,19.7,16.2,-3.5,309,-12.799999999999995,99.7,112.5,299,291,20.054945054945055,17.307692307692307,40,20,2.912087912087914,324,-15
Niagara,MAAC,22.126373626373628,1.25,18.6,16.8,-1.8000000000000007,322,-14.200000000000005,101.2,115.4,278,329,9.615384615384617,23.35164835164835,40,20,24.725274725274726,325,-3
Holy Cross,PL,22.126373626373628,1.14,17.8,13.5,-4.300000000000001,320,-14.0,101.9,115.9,258,335,7.967032967032966,29.120879120879124,40,20,0.0,326,-6
Alcorn St.,SWAC,22.085164835164836,0.95,19.6,18.3,-1.3000000000000007,325,-14.5,97.8,112.3,329,282,22.252747252747252,9.615384615384617,40,20,30.494505494505496,327,-2
East Texas A&M,Slnd,22.043956043956044,0.72,22.5,19.9,-2.6000000000000014,326,-14.599999999999994,96.9,111.5,336,267,26.098901098901102,7.6923076923076925,40,20,18.13186813186813,328,-2
Morgan St.,MEAC,21.934065934065934,1.4,17.9,17.0,-0.8999999999999986,331,-15.5,101.7,117.2,268,347,4.395604395604396,26.098901098901102,40,20,35.714285714285715,329,2
Stonehill,NEC,21.892857142857142,1.16,18.3,16.2,-2.1000000000000014,322,-14.200000000000005,101.0,115.2,282,326,10.164835164835164,22.52747252747253,40,20,21.703296703296704,330,-8
Florida A&M,SWAC,21.7967032967033,0.76,20.7,15.4,-5.299999999999999,317,-13.599999999999994,101.7,115.3,264,328,9.89010989010989,26.098901098901102,40,20,0.0,331,-14
Mercyhurst,NEC,21.593406593406595,0.75,16.4,20.3,3.900000000000002,342,-17.89999999999999,98.9,116.8,314,343,5.4945054945054945,13.736263736263737,40,20,96.48351648351648,332,10
Northern Illinois,MAC,21.041208791208792,1.15,16.3,16.6,0.3000000000000007,343,-17.900000000000006,94.5,112.4,353,287,21.153846153846153,3.021978021978022,40,20,55.769230769230774,333,10
Stony Brook,CAA,20.89835164835165,1.93,18.3,14.9,-3.4000000000000004,333,-15.899999999999991,101.9,117.8,256,352,3.296703296703297,29.120879120879124,40,20,3.4615384615384617,334,-1
North Carolina A&T,CAA,20.546703296703296,0.99,15.4,15.3,-0.09999999999999964,336,-16.599999999999994,97.0,113.6,334,308,15.384615384615385,7.967032967032966,40,20,50.824175824175825,335,1
Southern Indiana,OVC,20.203296703296704,1.08,17.2,16.7,-0.5,335,-16.5,98.4,114.9,321,321,11.813186813186812,11.813186813186812,40,20,42.30769230769231,336,-1
Binghamton,AE,20.14835164835165,1.86,19.6,12.8,-6.800000000000001,320,-14.0,98.9,112.9,313,302,16.758241758241756,13.736263736263737,40,20,0.0,337,-17
Coastal Carolina,SB,20.065934065934066,0.72,18.4,10.5,-7.899999999999999,329,-14.900000000000006,100.6,115.5,287,330,9.065934065934066,21.153846153846153,40,20,0.0,338,-9
Coppin St.,MEAC,19.969780219780215,0.82,21.6,20.5,-1.1000000000000014,361,-24.39999999999999,87.4,111.8,363,276,24.175824175824175,0.27472527472527475,40,20,32.69230769230769,339,22
Morehead St.,OVC,19.9010989010989,1.62,18.4,14.4,-3.9999999999999982,328,-14.700000000000005,97.8,112.5,328,290,20.054945054945055,9.615384615384617,40,20,0.0,340,-12
Green Bay,Horz,19.744505494505493,1.18,18.0,14.6,-3.4000000000000004,332,-15.700000000000005,101.0,116.7,280,342,6.043956043956044,22.52747252747253,40,20,3.4615384615384617,341,-9
Detroit Mercy,Horz,19.414835164835164,0.99,19.1,15.5,-3.6000000000000014,337,-16.700000000000003,95.3,112.0,347,278,23.626373626373624,4.1208791208791204,40,20,1.813186813186812,342,-5
Western Carolina,SC,18.912087912087912,0.56,19.0,13.5,-5.5,338,-17.0,95.3,112.3,346,283,22.252747252747252,4.1208791208791204,40,20,0.0,343,-5
Le Moyne,NEC,18.796703296703296,1.02,19.6,16.3,-3.3000000000000007,354,-20.700000000000003,101.3,122.0,275,361,0.8241758241758242,24.45054945054945,40,20,4.285714285714285,344,10
West Georgia,ASun,18.67857142857143,0.0,16.2,16.6,0.40000000000000213,350,-18.8,96.7,115.5,338,331,9.065934065934066,6.868131868131869,40,20,57.96703296703297,345,5
Prairie View A&M,SWAC,18.392857142857142,1.15,16.7,20.0,3.3000000000000007,357,-22.0,95.8,117.8,343,351,3.296703296703297,5.769230769230769,40,20,93.46153846153845,346,11
Louisiana Monroe,SB,18.376373626373628,1.67,17.1,16.1,-1.0,345,-18.10000000000001,96.3,114.4,341,318,12.637362637362637,6.318681318681318,40,20,33.791208791208796,347,-2
New Orleans,Slnd,18.23901098901099,0.61,18.8,16.1,-2.6999999999999993,341,-17.799999999999997,99.7,117.5,301,350,3.8461538461538463,17.307692307692307,40,20,17.857142857142858,348,-7
USC Upstate,BSth,17.744505494505496,0.01,19.0,16.6,-2.3999999999999986,340,-17.599999999999994,98.5,116.1,319,338,6.868131868131869,12.362637362637363,40,20,19.505494505494507,349,-9
Cal St. Fullerton,BW,17.42857142857143,0.94,21.3,16.1,-5.199999999999999,350,-18.8,93.8,112.6,356,294,19.230769230769234,2.197802197802198,40,20,0.0,350,0
Buffalo,MAC,17.395604395604398,0.71,19.5,16.2,-3.3000000000000007,339,-17.400000000000006,96.5,113.9,340,312,14.010989010989011,6.593406593406594,40,20,4.285714285714285,351,-12
Sacramento St.,BSky,17.175824175824175,0.8,20.3,17.1,-3.1999999999999993,347,-18.200000000000003,95.3,113.5,348,307,15.659340659340659,4.1208791208791204,40,20,4.835164835164836,352,-5
Central Arkansas,ASun,17.085164835164836,0.68,18.2,16.7,-1.5,349,-18.700000000000003,97.5,116.2,332,340,6.593406593406594,8.791208791208792,40,20,29.395604395604398,353,-4
Western Illinois,OVC,16.804945054945055,1.28,18.2,14.4,-3.799999999999999,344,-18.099999999999994,99.2,117.3,308,349,4.1208791208791204,15.10989010989011,40,20,0.7142857142857135,354,-10
Canisius,MAAC,16.61813186813187,1.2,18.5,16.4,-2.1000000000000014,359,-23.0,99.1,122.1,311,362,0.5494505494505495,14.560439560439562,40,20,21.703296703296704,355,4
Stetson,ASun,16.027472527472526,0.85,18.7,13.1,-5.6,352,-19.8,99.2,119.0,306,358,1.6483516483516485,15.10989010989011,40,20,0.0,356,-4
NJIT,AE,16.027472527472526,0.65,18.0,13.8,-4.199999999999999,353,-20.40000000000001,93.3,113.7,358,309,15.10989010989011,1.6483516483516485,40,20,0.0,357,-4
Alabama A&M,SWAC,15.505494505494505,0.86,21.9,21.0,-0.8999999999999986,360,-23.39999999999999,92.2,115.6,361,334,8.241758241758241,0.8241758241758242,40,20,35.714285714285715,358,2
Chicago St.,NEC,15.381868131868131,0.79,18.5,18.2,-0.3000000000000007,361,-24.39999999999999,91.9,116.3,362,341,6.318681318681318,0.5494505494505495,40,20,46.42857142857143,359,2
New Hampshire,AE,15.29945054945055,0.51,19.0,16.9,-2.1000000000000014,355,-21.69999999999999,93.9,115.6,355,333,8.241758241758241,2.4725274725274726,40,20,21.703296703296704,360,-5
The Citadel,SC,13.802197802197803,0.29,19.5,15.2,-4.300000000000001,356,-21.700000000000003,95.1,116.8,350,344,5.4945054945054945,3.8461538461538463,40,20,0.0,361,-5
Maryland Eastern Shore,MEAC,13.39010989010989,0.63,19.7,15.5,-4.199999999999999,358,-22.599999999999994,95.9,118.5,342,357,1.9230769230769231,6.043956043956044,40,20,0.0,362,-4
Arkansas Pine Bluff,SWAC,12.78021978021978,0.66,20.4,16.8,-3.599999999999998,363,-25.90000000000001,95.3,121.2,349,359,1.3736263736263736,4.1208791208791204,40,20,2.637362637362637,363,0
Mississippi Valley St.,SWAC,11.0,1.02,24.3,15.1,-9.200000000000001,364,-42.2,82.7,124.9,364,364,0.0,0.0,40,20,0.0,364,0
